EnergyClassifier,DataSource,Location,Product,Jan 2023,Feb 2023,Mar 2023,Apr 2023,May 2023,Jun 2023,Jul 2023,Aug 2023,Sep 2023,Oct 2023,Nov 2023,Dec 2023,Jan 2025,Feb 2025,Jan 2024,Feb 2024,Mar 2024,Apr 2024,May 2024,Jun 2024,Jul 2024,Aug 2024,Sep 2024,Oct 2024,Nov 2024,Dec 2024,Jan 2020,Feb 2020,Mar 2020,Apr 2020,May 2020,Jun 2020,Jul 2020,Aug 2020,Sep 2020,Oct 2020,Nov 2020,Dec 2020,Jan 2022,Feb 2022,Mar 2022,Apr 2022,May 2022,Jun 2022,Jul 2022,Aug 2022,Sep 2022,Oct 2022,Nov 2022,Dec 2022,Jan 2012,Feb 2012,Mar 2012,Apr 2012,May 2012,Jun 2012,Jul 2012,Aug 2012,Sep 2012,Oct 2012,Nov 2012,Dec 2012,Jan 2015,Feb 2015,Mar 2015,Apr 2015,May 2015,Jun 2015,Jul 2015,Aug 2015,Sep 2015,Oct 2015,Nov 2015,Dec 2015,Jan 2016,Feb 2016,Mar 2016,Apr 2016,May 2016,Jun 2016,Jul 2016,Aug 2016,Sep 2016,Oct 2016,Nov 2016,Dec 2016,Jan 2021,Feb 2021,Mar 2021,Apr 2021,May 2021,Jun 2021,Jul 2021,Aug 2021,Sep 2021,Oct 2021,Nov 2021,Dec 2021,Jan 2017,Feb 2017,Mar 2017,Apr 2017,May 2017,Jun 2017,Jul 2017,Aug 2017,Sep 2017,Oct 2017,Nov 2017,Dec 2017,Jan 2013,Feb 2013,Mar 2013,Apr 2013,May 2013,Jun 2013,Jul 2013,Aug 2013,Sep 2013,Oct 2013,Nov 2013,Dec 2013,Jan 2019,Feb 2019,Mar 2019,Apr 2019,May 2019,Jun 2019,Jul 2019,Aug 2019,Sep 2019,Oct 2019,Nov 2019,Dec 2019,Jan 2014,Feb 2014,Mar 2014,Apr 2014,May 2014,Jun 2014,Jul 2014,Aug 2014,Sep 2014,Oct 2014,Nov 2014,Dec 2014,Jan 2018,Feb 2018,Mar 2018,Apr 2018,May 2018,Jun 2018,Jul 2018,Aug 2018,Sep 2018,Oct 2018,Nov 2018,Dec 2018
Liquid/gas Fuel,fuelsindustry.org.za,COASTAL,95 LRP (c/l),,,,,,,,,,,,,,,,,,,,,,,,,,,,,,,,,,,,,,,,,,,,,,,,,,,1031.0,1065.0,1093.0,1159.0,1187.0,1132.0,1047.0,1069.0,1162.0,1185.0,1175.0,1166.0,1083.0,990.0,1086.0,1246.0,1246.0,1293.0,1334.0,1283.0,1214.0,1218.0,1196.0,1197,1194.0,1200.0,1131.0,1214.0,1226.0,1278.0,1286.0,1187.0,1169.0,1212.0,1257.0,1237.0,,,,,,,,,,,,,1285.0,1314.0,1306.0,1281.0,1330.0,1305.0,1237.0,1256.0,1323.0,1352.0,1356.0,1427,1151.0,1192.0,1273.0,1283.0,1210.0,1202.0,1286.0,1318.0,1313.0,1293.0,1265.0,1282.0,,,,,,,,,,,,,1320.0,1359.0,1395.0,1398.0,1383.0,1361.0,1392.0,1392.0,1325.0,1320.0,1275.0,1206.0,,,,,,,,,,,,
Liquid/gas Fuel,fuelsindustry.org.za,COASTAL,95 LRP (c/l) ,"2075,00","2103,00","2230,00","2225,00","2262,00","2191,00","2174,00","2211,00","2382,00","2496,00","2318,00","2253,00","2028,00","2162,00","2177,00","2252,00","2373,00","2433,00","2470,00","2346,00","2247,00","2232,00","2140,00","2026,00","2051,00","2068,00",1552.0,1539.0,1520.0,1326.0,1152.0,1270.0,1442.0,1447.0,1448.0,1416.0,1 389.00,1 376.00,1889,1942,2088,2124,2109,2352,"2609,00","2477,00","2273,00","2171,00","2222,00","2281,00",,,,,,,,,,,,,,,,,,,,,,,,,,,,,,,,,,,,,1416,1497,1562,1660,1651,1641,1667,1758,1762,1761,1882,1957,,,,,,,,,,,,,,,,,,,,,,,,,1342.0,1349.0,1423.0,1549.0,1603.0,1612.0,1517.0,1528.0,1539.0,1557.0,1544.0,1566.0,,,,,,,,,,,,,1393,1363,1327.0,1389.0,1438.0,1520.0,1543.0,1544.0,1549.0,1649.0,1649.0,1465.0
Liquid/gas Fuel,fuelsindustry.org.za,COASTAL,95 ULP (c/l),,,,,,,,,,,,,,,,,,,,,,,,,,,,,,,,,,,,,,,,,,,,,,,,,,,1031.0,1065.0,1093.0,1159.0,1187.0,1132.0,1047.0,1069.0,1162.0,1185.0,1175.0,1166.0,1083.0,990.0,1086.0,1246.0,1246.0,1293.0,1334.0,1283.0,1214.0,1218.0,1196.0,1197,1194.0,1200.0,1131.0,1214.0,1226.0,1278.0,1286.0,1187.0,1169.0,1212.0,1257.0,1237.0,,,,,,,,,,,,,1285.0,1314.0,1306.0,1281.0,1330.0,1305.0,1237.0,1256.0,1323.0,1352.0,1356.0,1427,1151.0,1192.0,1273.0,1283.0,1210.0,1202.0,1286.0,1318.0,1313.0,1293.0,1265.0,1282.0,,,,,,,,,,,,,1320.0,1359.0,1395.0,1398.0,1383.0,1361.0,1392.0,1392.0,1325.0,1320.0,1275.0,1206.0,,,,,,,,,,,,
Liquid/gas Fuel,fuelsindustry.org.za,COASTAL,95 ULP (c/l) ,"2075,00","2103,00","2230,00","2225,00","2262,00","2191,00","2174,00","2211,00","2382,00","2496,00","2318,00","2253,00","2028,00","2162,00","2177,00","2252,00","2373,00","2433,00","2470,00","2346,00","2247,00","2232,00","2140,00","2026,00","2051,00","2068,00",1552.0,1539.0,1520.0,1326.0,1152.0,1270.0,1442.0,1447.0,1448.0,1416.0,1 389.00,1 376.00,1889,1942,2088,2124,2109,2352,"2609,00","2477,00","2273,00","2171,00","2222,00","2281,00",,,,,,,,,,,,,,,,,,,,,,,,,,,,,,,,,,,,,1416,1497,1562,1660,1651,1641,1667,1758,1762,1761,1882,1957,,,,,,,,,,,,,,,,,,,,,,,,,1342.0,1349.0,1423.0,1549.0,1603.0,1612.0,1517.0,1528.0,1539.0,1557.0,1544.0,1566.0,,,,,,,,,,,,,1393,1363,1327.0,1389.0,1438.0,1520.0,1543.0,1544.0,1549.0,1649.0,1649.0,1465.0
Liquid/gas Fuel,fuelsindustry.org.za,COASTAL,Diesel 0.005% (c/l),,,,,,,,,,,,,,,,,,,,,,,,,,,,,,,,,,,,,,,,,,,,,,,,,,,1012.69,1010.69,1020.07,1069.67,1078.07,1053.25,991.67,1007.29,1076.29,1116.45,1125.65,1119.65,1001.89,899.89,973.89,1096.49,1091.49,1137.49,1141.49,1067.67,1016.67,1067.67,1057.67,"1055,87",977.87,914.87,928.87,1020.87,1018.87,1094.87,1135.87,1062.87,1013.87,1036.87,1099.87,1068.83,,,,,,,,,,,,,1105.83,1126.83,1124.83,1114.03,1146.03,1123.03,1063.03,1093.03,1137.03,1179.03,1206.03,"1263,33",1091.07,1108.87,1167.25,1175.41,1118.85,1114.87,1193.07,1226.03,1240.85,1238.85,1221.65,1231.77,,,,,,,,,,,,,1263.95,1288.15,1316.35,1304.55,1274.77,1249.19,1263.19,1258.57,1234.19,1221.19,1161.19,1106.89,,,,,,,,,,,,
Liquid/gas Fuel,fuelsindustry.org.za,COASTAL,Diesel 0.005% (c/l) ,"2076,07","2075,23","2106,61","2025,03","1977,49","1897,49","1909,49","1980,49","2256,49","2450,19","2368,11","2126,69","1863,95","1964,95","2000,37","2070,37","2189,27","2180,49","2144,49","2035,95","2011,57","1994,57","1889,57","1777,77","1797,77","1853,65",1413.46,1408.46,1354.46,1213.66,1057.66,1078.66,1247.66,1292.66,1271.66,1178.66,1167.66,1187.52,"1666,58","1745,42","1893,78","2062,34","2150,64","2257,64","2487,64","2396,64","2350,30","2365,30","2509,16","2356,97",,,,,,,,,,,,,,,,,,,,,,,,,,,,,,,,,,,,,"1241,52","1300,52","1356,52","1418,52","1388,52","1409,52","1450,52","1505,1","1490,88","1513,68","1661,88","1736,38",,,,,,,,,,,,,,,,,,,,,,,,,1268.02,1270.02,1363.02,1440.32,1440.32,1473.48,1397.7,1383.41,1409.41,1434.41,1420.21,1404.46,,,,,,,,,,,,,"1237,33","1220,3",1176.33,1231.43,1289.43,1376.43,1400.43,1396.43,1396.43,1520.43,1571.35,1423.94
Liquid/gas Fuel,fuelsindustry.org.za,COASTAL,Diesel 0.05% (c/l),,,,,,,,,,,,,,,,,,,,,,,,,,,,,,,,,,,,,,,,,,,,,,,,,,,1007.29,1006.29,1016.67,1064.27,1073.67,1048.85,986.27,1000.89,1069.89,1109.05,1119.25,1114.25,997.49,895.49,969.49,1090.09,1085.09,1134.09,1138.09,1062.27,1008.27,1061.27,1052.27,"1048,47",972.47,910.47,925.47,1015.47,1014.47,1090.47,1132.47,1058.47,1010.47,1033.47,1096.47,1064.43,,,,,,,,,,,,,1103.43,1124.43,1122.43,1111.63,1141.63,1118.63,1058.63,1087.63,1131.63,1173.63,1196.63,"1256,93",1086.67,1104.47,1162.85,1170.01,1114.45,1110.47,1188.67,1221.63,1235.45,1233.45,1218.25,1228.37,,,,,,,,,,,,,1260.55,1284.75,1311.95,1299.15,1269.37,1245.79,1259.79,1254.17,1228.79,1215.79,1154.79,1101.49,,,,,,,,,,,,
Liquid/gas Fuel,fuelsindustry.org.za,COASTAL,Diesel 0.05% (c/l) ,"2057,67","2066,83","2097,21","2016,63","1943,09","1859,09","1877,09","1949,09","2233,09","2429,79","2344,71","2109,29","1849,55","1954,55","1990,97","2063,97","2169,87","2166,09","2136,09","2017,55","1987,17","1959,17","1880,17","1766,37","1787,37","1842,25",1408.06,1403.06,1349.06,1209.26,1048.26,1070.26,1243.26,1288.26,1267.26,1177.26,1165.26,1185.12,"1663,18","1743,02","1887,38","2039,94","2134,24","2244,24","2475,24","2387,24","2330,90","2340,90","2483,76","2326,57",,,,,,,,,,,,,,,,,,,,,,,,,,,,,,,,,,,,,"1240,12","1298,12","1352,12","1416,12","1385,12","1405,12","1447,12","1502,7","1487,48","1510,28","1658,48","1730,98",,,,,,,,,,,,,,,,,,,,,,,,,1264.62,1265.62,1356.62,1432.92,1433.92,1467.08,1392.3,1379.01,1405.01,1430.01,1414.01,1399.06,,,,,,,,,,,,,"1234,93","1217,93",1170.93,1226.03,1285.03,1370.03,1396.03,1392.03,1392.03,1516.03,1563.95,1418.54
Liquid/gas Fuel,fuelsindustry.org.za,COASTAL,Illuminating Paraffin (c/l),,,,,,,,,,,,,,,,,,,,,,,,,,,,,,,,,,,,,,,,,,,,,,,,,,,752.528,749.528,753.528,774.128,783.128,762.128,704.128,719.128,792.128,825.128,828.128,824.128,697.728,595.728,668.728,690.828,685.828,727.828,733.828,663.828,608.828,658.828,656.828,"657,028",594.028,535.028,552.028,608.028,601.028,663.028,706.028,640.028,593.028,615.028,672.028,643.988,,,,,,,,,,,,,686.988,703.988,695.988,644.188,678.188,656.188,599.188,625.188,674.188,713.188,734.188,"807,488",807.128,833.128,890.128,860.328,802.328,803.328,878.328,903.328,928.328,924.328,908.328,924.828,,,,,,,,,,,,,963.828,975.828,991.828,953.028,934.028,924.028,947.028,940.028,921.028,907.028,855.028,805.728,,,,,,,,,,,,
Liquid/gas Fuel,fuelsindustry.org.za,COASTAL,Illuminating Paraffin (c/l) ,"1446,758","1504,758","1517,758","1379,558","1346,558","1303,558","1299,558","1370,56","1648,558","1799,558","1702,558","1531,438","1227,118","1324,118","1438,438","1491,438","1555,438","1519,74","1500,738","1420,738","1402,738","1380,74","1277,738","1166,938","1187,938","1236,818",860.528,857.528,789.528,591.728,368.728,408.728,622.728,661.728,635.728,559.73,574.73,603.59,"1014,79","1115,79","1236,79","1502,79","1585,89","1741,89","1907,088","1763,088","1681,088","1620,088","1697,088",1639.758,,,,,,,,,,,,,,,,,,,,,,,,,,,,,,,,,,,,,"658,59","717,59","764,59","798,59","775,59","795,59","831,59","881,59","866,59","898,59","1043,59","1085,79",,,,,,,,,,,,,,,,,,,,,,,,,768.178,763.178,839.178,895.478,898.478,906.478,849.478,847.478,871.48,896.48,873.48,855.53,,,,,,,,,,,,,"779,488","760,488",737.488,732.588,784.588,866.588,888.588,892.588,892.588,996.588,1024.59,891.18
Liquid/gas Fuel,fuelsindustry.org.za,COASTAL,Liquefied Petroleum Gas (c/kg),,,,,,,,,,,,,,,,,,,,,,,,,,,,,,,,,,,,,,,,,,,,,,,,,,,1939.0,1989.0,2025.0,2093.0,2124.0,2025.0,1912.0,1964.0,2093.0,2090.0,2091.0,2056.0,1829.0,1679.0,1833.0,1918.0,1935.0,2035.0,2091.0,2002.0,1887.0,1898.0,1851.0,1847,1892.0,1893.0,1773.0,1883.0,1877.0,1976.0,1988.0,2010.0,1819.0,1877.0,1936.0,1913.0,,,,,,,,,,,,,2019.0,2040.0,2038.0,1937.0,2032.0,1955.0,1864.0,2092.0,1990.0,2028.0,2045.0,2236,2047.0,2120.0,2238.0,2183.0,2102.0,2107.0,2236.0,2258.0,2267.0,2227.0,2186.0,2204.0,,,,,,,,,,,,,2260.0,2314.0,2372.0,2350.0,2346.0,2319.0,2377.0,2365.0,2257.0,2269.0,2164.0,2039.0,,,,,,,,,,,,
Liquid/gas Fuel,fuelsindustry.org.za,COASTAL,Liquefied Petroleum Gas (c/kg) ,"3227,00","3087,00","3610,00","3517,00","3073,00","3148,00","2853,00","2691,00","2917,00","3167,00","3316,00","3446,00","3514,00","3542,00","3457,00","3494,00","3535,00","3516,00","3470,00","3335,00","3313,00","3299,00","3289,00","3312,00","3348,00","3500,00",2379.0,2378.0,2346.0,1968.0,1706.0,1904.0,2352.0,2348.0,2384.0,2364.0,2389.00,2516.00,3259,3134,3204,3454,3523,3472,"3255,00","3311,00","3146,00","3166,00","3068,00","3146,00",,,,,,,,,,,,,,,,,,,,,,,,,,,,,,,,,,,,,2472,2666,2752,2801,2628,2486,2549,2775,2869,2861,3151,3335,,,,,,,,,,,,,,,,,,,,,,,,,2106.0,2095.0,2196.0,2367.0,2451.0,2443.0,2310.0,2342.0,2326.0,2343.0,2313.0,2403.0,,,,,,,,,,,,,2165,2142,2073.0,2111.0,2180.0,2318.0,2356.0,2372.0,2372.0,2551.0,2490.0,2238.0
Liquid/gas Fuel,fuelsindustry.org.za,GAUTENG,93 LRP (c/l),,,,,,,,,,,,,,,,,,,,,,,,,,,,,,,,,,,,,,,,,,,,,,,,,,,1043.0,1077.0,1105.0,1177.0,1205.0,1150.0,1061.0,1083.0,1176.0,1197.0,1187.0,1178.0,1102.0,1009.0,1105.0,1261.0,1261.0,1308.0,1352.0,1301.0,1232.0,1230.0,1208.0,1209,1209.0,1215.0,1146.0,1232.0,1244.0,1296.0,1307.0,1208.0,1190.0,1234.0,1279.0,1259.0,,,,,,,,,,,,,1309.0,1338.0,1330.0,1308.0,1357.0,1332.0,1263.0,1282.0,1349.0,1374.0,1378.0,1449,1165.0,1206.0,1287.0,1297.0,1224.0,1216.0,1300.0,1332.0,1327.0,1308.0,1280.0,1297.0,,,,,,,,,,,,,1336.0,1375.0,1411.0,1416.0,1401.0,1379.0,1408.0,1408.0,1341.0,1343.0,1298.0,1229.0,,,,,,,,,,,,
Liquid/gas Fuel,fuelsindustry.org.za,GAUTENG,93 LRP (c/l) ,"2110,00","2138,00","2265,00","2264,00","2301,00","2230,00","2206,00","2243,00","2414,00","2522,00","2344,00","2279,00","2134,00","2216,00","2217,00","2292,00","2413,00","2478,00","2515,00","2391,00","2286,00","2271,00","2179,00","2073,00","2098,00","2115,00",1584.0,1571.0,1552.0,1376.0,1202.0,1320.0,1483.0,1488.0,1489.0,1466.0,1439.00,1426.00,1936,1989,2135,2163,2151,2394,"2631,00","2499,00","2295,00","2206,00","2257,00","2316,00",,,,,,,,,,,,,,,,,,,,,,,,,,,,,,,,,,,,,1469,1550,1615,1710,1701,1691,1720,1811,1815,1811,1932,2007,,,,,,,,,,,,,,,,,,,,,,,,,1379.0,1386.0,1460.0,1594.0,1648.0,1657.0,1561.0,1572.0,1583.0,1579.0,1566.0,1588.0,,,,,,,,,,,,,1420,1390,1354.0,1423.0,1472.0,1554.0,1580.0,1581.0,1586.0,1685.0,1685.0,1501.0
Liquid/gas Fuel,fuelsindustry.org.za,GAUTENG,93 ULP (c/l),,,,,,,,,,,,,,,,,,,,,,,,,,,,,,,,,,,,,,,,,,,,,,,,,,,1043.0,1077.0,1105.0,1177.0,1205.0,1150.0,1061.0,1083.0,1176.0,1197.0,1187.0,1178.0,1102.0,1009.0,1105.0,1261.0,1261.0,1308.0,1352.0,1301.0,1232.0,1230.0,1208.0,1209,1209.0,1215.0,1146.0,1232.0,1244.0,1296.0,1307.0,1208.0,1190.0,1234.0,1279.0,1259.0,,,,,,,,,,,,,1309.0,1338.0,1330.0,1308.0,1357.0,1332.0,1263.0,1282.0,1349.0,1374.0,1378.0,1449,1165.0,1206.0,1287.0,1297.0,1224.0,1216.0,1300.0,1332.0,1327.0,1308.0,1280.0,1297.0,,,,,,,,,,,,,1336.0,1375.0,1411.0,1416.0,1401.0,1379.0,1408.0,1408.0,1341.0,1343.0,1298.0,1229.0,,,,,,,,,,,,
Liquid/gas Fuel,fuelsindustry.org.za,GAUTENG,93 ULP (c/l) ,"2110,00","2138,00","2265,00","2264,00","2301,00","2230,00","2206,00","2243,00","2414,00","2522,00","2344,00","2279,00","2134,00","2216,00","2217,00","2292,00","2413,00","2478,00","2515,00","2391,00","2286,00","2271,00","2179,00","2073,00","2098,00","2115,00",1584.0,1571.0,1552.0,1376.0,1202.0,1320.0,1483.0,1488.0,1489.0,1466.0,1439.00,1426.00,1936,1989,2135,2163,2151,2394,"2631,00","2499,00","2295,00","2206,00","2257,00","2316,00",,,,,,,,,,,,,,,,,,,,,,,,,,,,,,,,,,,,,1469,1550,1615,1710,1701,1691,1720,1811,1815,1811,1932,2007,,,,,,,,,,,,,,,,,,,,,,,,,1379.0,1386.0,1460.0,1594.0,1648.0,1657.0,1561.0,1572.0,1583.0,1579.0,1566.0,1588.0,,,,,,,,,,,,,1420,1390,1354.0,1423.0,1472.0,1554.0,1580.0,1581.0,1586.0,1685.0,1685.0,1501.0
Liquid/gas Fuel,fuelsindustry.org.za,GAUTENG,95 ULP (c/l),,,,,,,,,,,,,,,,,,,,,,,,,,,,,,,,,,,,,,,,,,,,,,,,,,,1061.0,1095.0,1123.0,1194.0,1222.0,1167.0,1082.0,1104.0,1197.0,1220.0,1210.0,1201.0,1124.0,1031.0,1127.0,1289.0,1289.0,1336.0,1377.0,1326.0,1257.0,1261.0,1239.0,1240,1237.0,1243.0,1174.0,1262.0,1274.0,1326.0,1334.0,1235.0,1217.0,1260.0,1305.0,1285.0,,,,,,,,,,,,,1333.0,1362.0,1354.0,1330.0,1379.0,1354.0,1286.0,1305.0,1372.0,1401.0,1405.0,1476,1186.0,1227.0,1308.0,1320.0,1247.0,1239.0,1323.0,1355.0,1350.0,1330.0,1302.0,1319.0,,,,,,,,,,,,,1357.0,1396.0,1432.0,1439.0,1424.0,1402.0,1433.0,1433.0,1366.0,1361.0,1316.0,1247.0,,,,,,,,,,,,
Liquid/gas Fuel,fuelsindustry.org.za,GAUTENG,95 ULP (c/l) ,"2140,00","2168,00","2295,00","2297,00","2334,00","2263,00","2246,00","2283,00","2454,00","2568,00","2390,00","2325,00","2159,00","2241,00","2249,00","2324,00","2445,00","2512,00","2549,00","2425,00","2326,00","2311,00","2219,00","2105,00","2130,00","2147,00",1616.0,1603.0,1584.0,1396.0,1222.0,1340.0,1512.0,1517.0,1518.0,1486.0,1459.00,1446.00,1961,2014,2160,2196,2184,2417,"2674,00","2542,00","2338,00","2236,00","2287,00","2346,00",,,,,,,,,,,,,,,,,,,,,,,,,,,,,,,,,,,,,1486,1567,1632,1732,1723,1713,1739,1830,1834,1833,1954,2029,,,,,,,,,,,,,,,,,,,,,,,,,1401.0,1408.0,1482.0,1613.0,1667.0,1676.0,1581.0,1592.0,1603.0,1621.0,1608.0,1630.0,,,,,,,,,,,,,1442,1412,1376.0,1448.0,1497.0,1579.0,1602.0,1603.0,1608.0,1708.0,1708.0,1524.0
Liquid/gas Fuel,fuelsindustry.org.za,GAUTENG,Diesel 0.005% (c/l),,,,,,,,,,,,,,,,,,,,,,,,,,,,,,,,,,,,,,,,,,,,,,,,,,,1033.09,1031.09,1040.47,1094.37,1102.77,1077.95,1016.37,1031.99,1100.99,1141.15,1150.0,1144.35,1032.49,930.49,1004.49,1129.19,1124.19,1170.19,1174.19,1100.37,1049.37,1100.37,1090.37,"1088,57",1010.57,947.57,961.57,1059.27,1057.27,1133.27,1174.27,1101.27,1052.27,1075.27,1138.27,1107.23,,,,,,,,,,,,,1144.23,1165.23,1163.23,1152.73,1184.73,1161.73,1101.73,1131.73,1175.73,1217.73,1244.73,"1302,03",1115.77,1133.57,1191.95,1202.01,1145.45,1141.47,1219.67,1252.63,1267.45,1265.45,1248.25,1258.37,,,,,,,,,,,,,1290.55,1314.75,1342.95,1335.15,1305.37,1279.79,1293.79,1289.17,1264.79,1251.79,1191.79,1137.49,,,,,,,,,,,,
Liquid/gas Fuel,fuelsindustry.org.za,GAUTENG,Diesel 0.005% (c/l) ,"2141,27","2140,43","2171,81","2097,23","2049,69","1969,69","1981,69","2052,69","2328,69","2522,39","2440,31","2198,89","1942,95","2043,95","2072,57","2142,57","2261,27","2259,49","2223,49","2114,95","2090,57","2073,57","1968,57","1856,57","1876,57","1932,45",1467.66,1462.6,1408.66,1273.96,1117.96,1138.96,1307.96,1352.96,1331.96,1238.96,1227.96,1247.82,"1728,08","1806,92","1955,28","2123,84","2215,84","2322,84","2552,84","2461,84","2415,50","2430,50","2574,36","2422,17",,,,,,,,,,,,,,,,,,,,,,,,,,,,,,,,,,,,,"1301,82","1360,82","1416,82","1480,02","1450,02","1471,02","1512,02","1566,6","1552,38","1575,18","1723,38","1797,88",,,,,,,,,,,,,,,,,,,,,,,,,1316.82,1318.82,1411.82,1494.52,1494.52,1527.68,1451.9,1437.61,1463.61,1488.61,1474.61,1458.66,,,,,,,,,,,,,"1276,03","1259,03",1215.03,1280.23,1338.23,1425.23,1449.23,1445.23,1445.23,1569.23,1620.15,1472.74
Liquid/gas Fuel,fuelsindustry.org.za,GAUTENG,Diesel 0.05% (c/l),,,,,,,,,,,,,,,,,,,,,,,,,,,,,,,,,,,,,,,,,,,,,,,,,,,1027.69,1026.69,1037.07,1088.0,1098.37,1073.55,1010.97,1025.59,1094.59,1133.75,1143.95,1138.95,1028.09,926.09,1000.09,1122.79,1117.79,1166.79,1170.79,1094.97,1040.97,1093.97,1084.97,"1081,17",1005.17,943.17,958.17,1053.87,1052.87,1128.87,1170.87,1096.87,1048.87,1071.87,1134.87,1102.83,,,,,,,,,,,,,1141.83,1162.83,1160.83,1150.33,1180.33,1157.33,1097.33,1126.33,1170.33,1212.33,1235.33,"1295,63",1111.37,1129.17,1187.55,1196.61,1141.05,1137.07,1215.27,1248.23,1262.05,1260.05,1244.85,1254.97,,,,,,,,,,,,,1287.15,1311.35,1338.55,1329.75,1299.97,1276.39,1290.39,1284.77,1259.39,1246.39,1185.39,1132.09,,,,,,,,,,,,
Liquid/gas Fuel,fuelsindustry.org.za,GAUTENG,Diesel 0.05% (c/l) ,"2122,87","2132,03","2162,41","2088,83","2015,29","1931,29","1949,29","2021,29","2305,29","2501,99","2416,91","2181,49","1928,55","2033,55","2063,17","2136,17","2241,87","2245,09","2215,09","2096,55","2066,17","2038,17","1959,17","1845,17","1866,17","1921,05",1462.26,1457.26,1403.26,1269.56,1108.56,1130.56,1303.56,1348.56,1327.56,1237.56,1225.56,1 245.42,"1724,68","1804,52","1948,88","2101,44","2199,44","2309,44","2540,44","2452,44","2396,10","2406,10","2548,96","2391,77",,,,,,,,,,,,,,,,,,,,,,,,,,,,,,,,,,,,,"1300,42","1358,42","1412,42","1477,62","1446,62","1466,62","1508,62","1564,2","1548,98","1571,78","1719,98","1792,48",,,,,,,,,,,,,,,,,,,,,,,,,1313.42,1314.42,1405.42,1487.12,1488.12,1521.28,1446.5,1433.21,1459.21,1484.21,1468.21,1453.26,,,,,,,,,,,,,"1273,63","1256,63",1209.63,1274.83,1333.83,1418.83,1444.83,1440.83,1440.83,1564.83,1612.75,1467.34
Liquid/gas Fuel,fuelsindustry.org.za,GAUTENG,Illuminating Paraffin (c/l),,,,,,,,,,,,,,,,,,,,,,,,,,,,,,,,,,,,,,,,,,,,,,,,,,,788.428,785.428,789.428,816.028,825.028,804.028,746.028,761.028,834.028,867.028,870.028,,747.928,645.928,718.928,743.828,738.828,780.828,786.828,716.828,661.828,711.828,709.828,"710,028",647.028,588.028,605.028,662.628,655.628,717.628,760.628,694.628,647.628,669.628,726.628,698.588,,,,,,,,,,,,,741.588,758.588,750.588,702.088,736.088,714.088,657.088,683.088,732.088,771.088,792.088,"865,388",849.028,875.028,932.028,906.228,848.228,849.228,924.228,949.228,974.228,970.228,954.228,970.728,,,,,,,,,,,,,1009.728,1021.728,1037.728,1003.228,984.228,974.228,997.228,990.228,971.228,957.228,905.228,855.928,,,,,,,,,,,,
Liquid/gas Fuel,fuelsindustry.org.za,GAUTENG,Illuminating Paraffin (c/l) ,"1525,958","1583,958","1596,958","1472,058","1439,058","1396,058","1392,058","1463,06","1741,058","1892,058","1795,058","1623,938","1326,318","1423,318","1530,938","1583,938","1647,938","1618,94","1599,938","1519,938","1501,938","1479,94","1376,938","1265,938","1286,938","1335,818",927.728,924.728,856.728,672.828,449.828,489.828,703.828,742.828,716.828,640.83,655.83,684.69,"1096,69","1197,69","1318,69","1584,69","1664,29","1820,29","1986,288","1842,288","1760,288","1699,288","1776,288","1718,958",,,,,,,,,,,,,,,,,,,,,,,,,,,,,,,,,,,,,"739,69","798,69","845,69","880,49","857,49","877,49","913,49","963,49","948,49","980,49","1125,49","1167,69",,,,,,,,,,,,,,,,,,,,,,,,,828.678,823.678,899.678,962.678,965.68,973.68,916.68,914.678,938.68,963.68,940.68,922.73,,,,,,,,,,,,,"837,388","818,388",795.388,793.088,845.088,927.088,949.088,953.088,953.088,1057.09,1085.09,951.68
Liquid/gas Fuel,fuelsindustry.org.za,GAUTENG,Liquefied Petroleum Gas (c/kg),,,,,,,,,,,,,,,,,,,,,,,,,,,,,,,,,,,,,,,,,,,,,,,,,,,,,,,,,,,,,,,2011.0,1861.0,2015.0,2100.0,2117.0,2217.0,2273.0,2184.0,2069.0,2080.0,2033.0,2029,2074.0,2075.0,1955.0,2065.0,2060.0,2158.0,2170.0,1828.0,2001.0,2059.0,2118.0,2100.0,,,,,,,,,,,,,2207.0,2228.0,2226.0,2125.0,2221.0,2144.0,2053.0,1904.0,2178.0,2217.0,2234.0,2438,2229.0,2302.0,2420.0,2365.0,2284.0,2289.0,2418.0,2440.0,2449.0,2409.0,2368.0,2386.0,,,,,,,,,,,,,2442.0,2496.0,2554.0,2532.0,2528.0,2501.0,2559.0,2547.0,2439.0,2451.0,2346.0,2221.0,,,,,,,,,,,,
Liquid/gas Fuel,fuelsindustry.org.za,GAUTENG,Liquefied Petroleum Gas (c/kg) ,"3486,00","3346,00","3868,00","3776,00","3332,00","3407,00","3111,00","2950,00","3176,00","3426,00","3575,00","3742,00","3829,00","3 858,00","3753,00","3790,00","3831,00","3812,00","3766,00","3631,00","3609,00","3595,00","3585,00","3608,00","3644,00","3816,00",2604.0,2603.0,2571.0,2193.0,1931.0,2129.0,2577.0,2573.0,2609.0,2589.0,2615.00,2752.00,3500,3376,3446,3696,3765,3714,"3496,00","3553,00","3388,00","3407,00","3309,00","3404,00",,,,,,,,,,,,,,,,,,,,,,,,,,,,,,,,,,,,,2708,2901,2988,3036,2864,2721,2784,3010,3104,3097,3387,3570,,,,,,,,,,,,,,,,,,,,,,,,,2319.0,2308.0,2409.0,2580.0,2664.0,2657.0,2524.0,2555.0,2539.0,2556.0,2526.0,2628.0,,,,,,,,,,,,,2367,2344,2275.0,2314.0,2384.0,2522.0,2559.0,2576.0,2576.0,2755.0,2694.0,2451.0
